transaction_id,transaction_number,store_id,employee_id,payment_method_id,transaction_timestamp
1,TXN-500001,30,149,1,2025-01-25 17:05:00
2,TXN-500002,84,126,1,2024-01-27 20:29:00
3,TXN-500003,32,12,6,2024-12-09 03:09:00
4,TXN-500004,81,45,1,2025-04-17 10:21:00
5,TXN-500005,59,25,5,2024-08-11 19:06:00
6,TXN-500006,14,17,1,2024-05-04 07:00:00
7,TXN-500007,9,57,7,2024-12-28 00:12:00
8,TXN-500008,42,103,1,2024-05-27 13:24:00
9,TXN-500009,42,36,7,2025-05-13 03:18:00
10,TXN-500010,76,12,2,2025-07-31 12:27:00
11,TXN-500011,36,,2,2024-09-01 07:21:00
12,TXN-500012,71,95,2,2025-07-05 15:08:00
13,TXN-500013,6,149,2,2024-11-15 10:09:00
14,TXN-500014,100,97,2,2024-03-13 19:03:00
15,TXN-500015,1,21,1,2024-01-12 09:09:00
16,TXN-500016,9999,73,6,2024-05-10 15:28:00
17,TXN-500017,89,122,2,2025-08-10 22:32:00
18,TXN-500018,67,70,4,2024-05-30 02:54:00
19,TXN-500019,79,45,6,2024-10-27 00:46:00
20,TXN-500020,79,128,1,2024-01-28 09:28:00
21,TXN-500021,45,78,4,2025-04-01 16:58:00
22,TXN-500022,16,50,5,2024-01-04 07:52:00
23,TXN-500023,65,139,2,2024-03-10 16:11:00
24,TXN-500024,36,54,1,2024-12-04 00:45:00
25,TXN-500025,88,39,7,2024-05-21 01:29:00
26,TXN-500026,86,41,1,2024-12-11 10:57:00
27,TXN-500027,27,73,4,2024-02-09 08:12:00
28,TXN-500028,6,117,1,2024-07-02 01:12:00
29,TXN-500029,69,,2,2025-06-23 03:43:00
30,TXN-500030,66,125,1,2024-04-25 02:02:00
31,TXN-500031,76,114,5,02/21/2024 14:21
32,TXN-500032,30,84,7,2024-08-25 08:46:00
33,TXN-500033,31,26,6,2024-03-21 04:42:00
34,TXN-500034,29,97,1,2024-10-27 10:37:00
35,TXN-500035,56,14,2,2024-12-08 23:09:00
36,TXN-500036,23,117,4,2024-06-06 09:45:00
37,TXN-500037,81,50,3,2024-09-28 23:07:00
38,TXN-500038,5,33,6,2024-07-15 09:15:00
39,TXN-500039,18,,1,2025-02-18 02:09:00
40,TXN-500040,22,108,7,2025-09-12 03:41:00
41,TXN-500041,78,76,2,2024-09-07 04:25:00
42,TXN-500042,74,44,5,2025-07-28 22:19:00
43,TXN-500043,67,106,4,2025-09-14 14:16:00
44,TXN-500044,36,119,1,2024-06-06 14:36:00
45,TXN-500045,32,64,3,2025-06-15 13:59:00
46,TXN-500046,74,39,1,2024-11-12 05:02:00
47,TXN-500047,61,11,6,2024-10-31 05:05:00
48,TXN-500048,68,109,4,2025-07-13 16:22:00
49,TXN-500049,58,26,4,2024-12-14 23:50:00
50,TXN-500050,97,,1,2024-06-24 03:14:00
51,TXN-500051,17,56,3,2025-05-19 17:50:00
52,TXN-500052,3,24,4,2024-08-03 09:18:00
53,TXN-500053,74,118,6,2025-05-02 04:14:00
54,TXN-500054,59,,4,2025-03-01 00:11:00
55,TXN-500055,24,104,7,2025-07-16 00:47:00
56,TXN-500056,81,1,1,2024-09-26 17:34:00
57,TXN-500057,68,86,1,2024-10-07 06:15:00
58,TXN-500058,90,70,5,2024-08-03 23:17:00
59,TXN-500059,88,54,1,2025-01-29 23:44:00
60,TXN-500060,66,15,6,2025-03-27 19:14:00
61,TXN-500061,50,9999,3,2024-09-22 01:11:00
62,TXN-500062,47,94,2,2024-12-04 20:37:00
63,TXN-500063,72,18,6,2025-04-16 23:38:00
64,TXN-500064,31,86,5,2025-07-17 07:12:00
65,TXN-500065,90,149,2,2024-03-23 16:33:00
66,TXN-500066,42,58,3,2025-07-02 10:39:00
67,TXN-500067,36,109,1,2024-07-13 16:25:00
68,TXN-500068,63,116,5,2024-02-16 03:27:00
69,TXN-500069,91,121,5,2025-01-18 12:26:00
70,TXN-500070,58,75,5,2025-05-08 22:17:00
71,TXN-500071,25,17,4,2024-09-25 01:48:00
72,TXN-500072,23,,3,2024-03-04 13:49:00
73,TXN-500073,15,71,6,2024-02-26 00:45:00
74,TXN-500074,67,53,6,2024-04-17 17:41:00
75,TXN-500075,17,139,4,2024-01-17 12:32:00
76,TXN-500076,38,6,2,2024-09-09 11:01:00
77,TXN-500077,30,,7,2024-02-15 20:07:00
78,TXN-500078,75,106,3,2025-01-13 09:01:00
79,TXN-500079,63,84,5,2025-04-22 12:14:00
80,TXN-500080,57,141,4,2025-04-29 20:39:00
81,TXN-500081,22,79,7,2024-08-09 10:13:00
82,TXN-500082,37,96,7,2024-07-08 07:57:00
83,TXN-500083,46,,3,2025-09-07 16:25:00
84,TXN-500084,92,42,5,2024-11-27 23:53:00
85,TXN-500085,91,45,6,2024-07-26 17:02:00
86,TXN-500086,31,42,1,2025-04-30 05:24:00
87,TXN-500087,17,148,4,2024-01-30 23:10:00
88,TXN-500088,72,53,6,2024-07-08 14:56:00
89,TXN-500089,19,89,3,2024-01-26 06:14:00
90,TXN-500090,69,42,3,2024-11-22 12:51:00
91,TXN-500091,64,104,999,2024-03-29 11:11:00
92,TXN-500092,20,82,1,2024-04-15 20:46:00
93,TXN-500093,43,130,6,2025-06-21 18:08:00
94,TXN-500094,97,75,5,2025-05-28 16:39:00
95,TXN-500095,94,145,4,2025-04-30 14:42:00
96,TXN-500096,6,123,2,2024-09-03 14:56:00
97,TXN-500097,4,79,4,2025-05-08 17:03:00
98,TXN-500098,46,115,1,2025-03-25 15:58:00
99,TXN-500099,83,,2,2024-08-25 15:40:00
100,TXN-500100,26,72,1,2025-02-28 20:12:00
101,TXN-500051,87,115,6,2024-03-01 20:49:00
102,TXN-500102,25,101,4,2024-03-04 15:01:00
103,TXN-500103,8,131,6,2024-08-19 09:13:00
104,TXN-500104,48,110,4,2024-09-19 22:03:00
105,TXN-500105,45,,3,2024-09-28 11:41:00
106,TXN-500106,12,144,2,2024-08-12 08:10:00
107,TXN-500107,57,107,3,2025-06-14 00:09:00
108,TXN-500108,94,109,4,2024-04-29 06:26:00
109,TXN-500109,19,23,2,2024-04-11 15:07:00
110,TXN-500110,43,135,1,2024-08-08 19:20:00
111,TXN-500111,1,23,4,2025-03-06 02:51:00
112,TXN-500112,23,107,5,2025-04-10 03:56:00
113,TXN-500113,26,36,2,2024-12-02 12:07:00
114,TXN-500114,63,142,1,2025-08-29 01:12:00
115,TXN-500115,39,150,4,2025-08-22 03:27:00
116,TXN-500116,4,58,7,2025-02-11 06:08:00
117,TXN-500117,82,77,7,2024-01-02 18:45:00
118,TXN-500118,54,74,2,2025-04-08 12:42:00
119,TXN-500119,4,63,1,2024-12-24 04:20:00
120,TXN-500120,77,18,6,2025-07-10 20:25:00
121,TXN-500121,56,145,7,2027-03-15 10:00:00
122,TXN-500122,89,122,7,2024-07-06 19:19:00
123,TXN-500123,3,148,7,2024-03-28 01:52:00
124,TXN-500124,19,15,3,2024-07-07 23:44:00
125,TXN-500125,46,35,2,2024-12-01 17:19:00
126,TXN-500126,82,108,3,2024-02-08 12:17:00
127,TXN-500127,82,136,1,2024-02-05 11:21:00
128,TXN-500128,98,47,1,2025-01-09 04:28:00
129,TXN-500129,42,140,7,2025-03-12 00:07:00
130,TXN-500130,35,78,6,2024-08-18 06:10:00
131,TXN-500131,69,25,5,2025-05-23 05:51:00
132,TXN-500132,18,4,5,2024-09-13 01:10:00
133,TXN-500133,53,125,3,2024-07-23 22:07:00
134,TXN-500134,65,40,2,2024-04-28 17:08:00
135,TXN-500135,79,144,6,2025-08-28 12:48:00
136,TXN-500136,92,137,5,2025-08-28 10:03:00
137,TXN-500137,54,30,4,2025-05-26 08:58:00
138,TXN-500138,3,34,4,2024-02-25 15:11:00
139,TXN-500139,18,93,7,2024-09-10 13:24:00
140,TXN-500140,98,134,3,2024-11-17 19:25:00
141,TXN-500141,96,8,7,2024-05-05 09:32:00
142,TXN-500142,89,37,2,2024-03-27 08:37:00
143,TXN-500143,11,34,4,2024-08-11 20:41:00
144,TXN-500144,10,29,1,2025-05-18 00:55:00
145,TXN-500145,6,111,2,2025-07-18 02:43:00
146,TXN-500146,85,,5,2024-03-19 12:14:00
147,TXN-500147,16,,3,2025-03-07 22:30:00
148,TXN-500148,86,,1,2024-02-01 12:23:00
149,TXN-500149,16,,5,2025-07-03 10:43:00
150,TXN-500150,24,52,6,2024-05-29 13:38:00
151,TXN-500151,19,,7,2024-09-12 23:29:00
152,TXN-500152,45,149,3,2025-06-27 08:45:00
153,TXN-500153,65,62,5,2024-04-26 21:56:00
154,TXN-500154,75,,7,2024-02-19 18:16:00
155,TXN-500155,37,50,2,2024-01-11 04:23:00
156,TXN-500156,28,26,5,2025-07-03 01:25:00
157,TXN-500157,90,94,5,2025-09-11 21:29:00
158,TXN-500158,24,28,7,2024-05-14 19:18:00
159,TXN-500159,28,109,5,2024-09-15 08:58:00
160,TXN-500160,16,81,4,2024-06-14 16:47:00
161,TXN-500161,98,127,3,2024-03-21 07:54:00
162,TXN-500162,11,11,3,2025-05-28 04:03:00
163,TXN-500163,59,73,5,2024-12-25 12:15:00
164,TXN-500164,29,114,5,2025-06-20 01:34:00
165,TXN-500165,25,110,7,2024-10-23 13:46:00
166,TXN-500166,87,122,3,2024-02-20 16:30:00
167,TXN-500167,87,,4,2024-05-10 13:26:00
168,TXN-500168,67,113,6,2025-05-04 09:43:00
169,TXN-500169,19,,4,2025-05-07 15:01:00
170,TXN-500170,95,27,2,2024-10-18 17:25:00
171,TXN-500171,44,51,2,2024-02-17 02:53:00
172,TXN-500172,16,104,2,2025-03-09 05:41:00
173,TXN-500173,36,128,7,2025-09-02 07:01:00
174,TXN-500174,97,70,7,2025-06-03 13:12:00
175,TXN-500175,46,103,4,2025-08-06 06:12:00
176,TXN-500176,63,104,5,2025-04-30 11:01:00
177,TXN-500177,14,117,1,2024-07-22 01:58:00
178,TXN-500178,81,60,2,2024-07-01 13:07:00
179,TXN-500179,7,,7,2024-01-22 15:27:00
180,TXN-500180,23,7,4,2024-02-19 16:22:00
181,TXN-500181,39,40,5,2025-03-16 05:52:00
182,TXN-500182,10,,6,2025-03-29 19:46:00
183,TXN-500183,60,127,2,2025-07-01 07:19:00
184,TXN-500184,65,126,3,2024-08-01 18:23:00
185,TXN-500185,70,139,1,2025-01-29 23:47:00
186,TXN-500186,56,,1,2025-07-10 07:15:00
187,TXN-500187,57,97,4,2024-10-06 08:25:00
188,TXN-500188,72,,6,2024-01-27 04:48:00
189,TXN-500189,63,43,4,2025-07-21 12:41:00
190,TXN-500190,63,100,7,2024-04-07 22:21:00
191,TXN-500191,85,126,5,2024-03-20 15:35:00
192,TXN-500192,61,121,5,2025-05-14 01:46:00
193,TXN-500193,51,15,3,2025-09-14 02:52:00
194,TXN-500194,79,97,6,2024-12-26 05:21:00
195,TXN-500195,42,73,1,2024-09-13 20:59:00
196,TXN-500196,47,33,3,2024-01-21 11:54:00
197,TXN-500197,98,7,6,2025-08-12 11:58:00
198,TXN-500198,45,110,3,2024-09-05 11:53:00
199,TXN-500199,32,63,2,2024-10-26 22:59:00
200,TXN-500200,89,22,1,2025-04-16 22:04:00
201,TXN-500151,3,44,5,2024-08-10 00:43:00
202,TXN-500202,85,,7,2024-08-25 11:18:00
203,TXN-500203,35,108,1,2024-11-03 15:15:00
204,TXN-500204,41,6,4,2025-05-21 18:45:00
205,TXN-500205,13,147,7,2025-02-19 07:39:00
206,TXN-500206,44,53,4,2024-12-21 14:41:00
207,TXN-500207,22,87,5,2025-01-01 02:31:00
208,TXN-500208,26,112,4,2024-08-06 02:30:00
209,TXN-500209,69,20,2,2025-04-07 17:11:00
210,TXN-500210,74,77,4,2024-07-28 05:54:00
211,TXN-500211,92,24,7,2025-08-08 21:27:00
212,TXN-500212,44,,3,2025-02-25 00:39:00
213,TXN-500213,61,136,4,2024-02-18 23:37:00
214,TXN-500214,84,20,7,2024-06-01 17:27:00
215,TXN-500215,56,77,6,2024-08-07 19:09:00
216,TXN-500216,52,107,3,2025-01-28 04:16:00
217,TXN-500217,24,141,1,2025-03-31 02:02:00
218,TXN-500218,74,48,4,2025-04-02 04:22:00
219,TXN-500219,35,120,6,2024-06-04 01:37:00
220,TXN-500220,73,112,6,2025-01-22 21:56:00
221,TXN-500221,26,,3,2025-04-01 09:23:00
222,TXN-500222,96,39,6,2024-12-02 18:32:00
223,TXN-500223,53,112,3,2025-07-11 10:36:00
224,TXN-500224,53,53,3,2025-08-27 13:02:00
225,TXN-500225,33,42,6,2025-08-22 19:23:00
226,TXN-500226,15,62,2,2025-03-13 19:17:00
227,TXN-500227,40,,4,2024-05-19 17:58:00
228,TXN-500228,55,112,6,2024-12-19 10:40:00
229,TXN-500229,18,70,1,2024-01-27 22:41:00
230,TXN-500230,85,72,5,2024-07-07 03:48:00
231,TXN-500231,93,11,4,2024-05-08 03:33:00
232,TXN-500232,11,,3,2025-07-23 14:31:00
233,TXN-500233,53,17,3,2025-03-14 01:43:00
234,TXN-500234,51,24,7,2025-05-04 02:19:00
235,TXN-500235,15,61,5,2025-06-11 08:54:00
236,TXN-500236,67,31,6,2025-06-18 19:58:00
237,TXN-500237,33,135,4,2025-08-26 15:30:00
238,TXN-500238,99,32,7,2024-03-06 17:12:00
239,TXN-500239,95,150,4,2024-08-16 05:14:00
240,TXN-500240,55,61,2,2025-08-09 19:06:00
241,TXN-500241,36,55,4,2024-04-15 01:26:00
242,TXN-500242,63,15,5,2024-10-24 08:52:00
243,TXN-500243,41,29,5,2024-09-29 20:26:00
244,TXN-500244,36,64,7,2024-11-04 14:06:00
245,TXN-500245,40,95,1,2024-04-15 12:30:00
246,TXN-500246,95,9,6,2025-04-14 23:08:00
247,TXN-500247,33,62,5,2025-08-04 18:30:00
248,TXN-500248,88,93,1,2024-10-07 02:56:00
249,TXN-500249,50,114,1,2025-01-24 12:14:00
250,TXN-500250,39,66,1,2024-10-13 03:44:00
251,TXN-500251,9999,77,7,2025-08-22 01:51:00
252,TXN-500252,99,82,6,2024-04-26 16:10:00
253,TXN-500253,11,71,7,2024-10-22 20:24:00
254,TXN-500254,95,121,4,2025-07-21 13:59:00
255,TXN-500255,13,109,7,2025-09-04 12:23:00
256,TXN-500256,9,130,3,2024-04-26 18:12:00
257,TXN-500257,95,141,3,2024-11-02 11:14:00
258,TXN-500258,83,14,6,2024-11-26 01:19:00
259,TXN-500259,1,35,4,2024-05-13 19:04:00
260,TXN-500260,74,81,1,2024-05-25 16:34:00
261,TXN-500261,92,133,7,2024-03-21 16:51:00
262,TXN-500262,77,34,6,2025-08-27 20:09:00
263,TXN-500263,58,82,4,2024-10-25 18:47:00
264,TXN-500264,88,45,5,2025-06-19 08:03:00
265,TXN-500265,26,73,1,2025-08-25 00:49:00
266,TXN-500266,49,101,7,2024-10-28 19:51:00
267,TXN-500267,72,6,6,2025-02-19 08:17:00
268,TXN-500268,60,23,2,2025-03-21 15:31:00
269,TXN-500269,7,44,4,2024-07-09 14:59:00
270,TXN-500270,20,67,1,2025-03-26 00:24:00
271,TXN-500271,16,146,1,2024-09-24 21:52:00
272,TXN-500272,87,117,4,2025-06-07 06:09:00
273,TXN-500273,25,53,7,2024-03-27 07:09:00
274,TXN-500274,96,74,4,2025-08-15 07:24:00
275,TXN-500275,77,53,2,2024-10-05 05:13:00
276,TXN-500276,54,49,2,2025-08-23 01:59:00
277,TXN-500277,38,8,3,2024-10-24 11:28:00
278,TXN-500278,48,64,5,2024-06-20 11:24:00
279,TXN-500279,2,22,4,2025-05-13 06:26:00
280,TXN-500280,88,102,2,2024-04-06 23:55:00
281,TXN-500281,95,109,5,2025-06-03 10:26:00
282,TXN-500282,72,,1,2024-07-05 13:52:00
283,TXN-500283,61,61,3,2024-02-07 22:44:00
284,TXN-500284,1,12,3,2025-03-17 13:09:00
285,TXN-500285,51,78,6,2025-01-02 09:30:00
286,TXN-500286,6,144,5,2024-09-27 01:58:00
287,TXN-500287,64,129,3,2024-05-10 14:45:00
288,TXN-500288,91,82,5,2024-12-06 20:22:00
289,TXN-500289,41,30,1,2024-11-11 05:59:00
290,TXN-500290,96,72,3,2024-04-03 02:42:00
291,TXN-500291,79,68,7,2024-11-09 04:17:00
292,TXN-500292,41,133,4,2025-07-08 13:17:00
293,TXN-500293,98,126,2,2024-04-30 03:18:00
294,TXN-500294,7,113,2,2025-02-08 15:07:00
295,TXN-500295,24,,1,2024-04-18 05:20:00
296,TXN-500296,56,120,1,2024-12-08 10:10:00
297,TXN-500297,46,,6,2024-12-26 09:11:00
298,TXN-500298,15,127,7,2025-02-12 09:38:00
299,TXN-500299,45,32,1,2025-06-08 02:47:00
300,TXN-500300,22,47,6,2024-05-28 08:30:00
301,TXN-500251,85,145,5,2025-01-05 10:50:00
302,TXN-500302,68,2,7,2024-06-03 15:53:00
303,TXN-500303,32,20,7,2025-02-19 15:14:00
304,TXN-500304,4,85,3,2024-12-28 17:07:00
305,TXN-500305,51,32,3,2025-05-11 02:47:00
306,TXN-500306,42,28,2,2025-03-05 20:54:00
307,TXN-500307,91,,6,2024-01-22 00:37:00
308,TXN-500308,77,69,6,2024-12-15 10:04:00
309,TXN-500309,84,12,5,2024-01-05 05:27:00
310,TXN-500310,17,146,2,2024-11-25 22:31:00
311,TXN-500311,42,73,7,2024-02-05 10:47:00
312,TXN-500312,78,141,4,2024-02-10 10:32:00
313,TXN-500313,31,46,7,2024-03-08 09:26:00
314,TXN-500314,27,,2,2024-10-17 11:35:00
315,TXN-500315,83,73,7,2024-10-09 21:34:00
316,TXN-500316,63,77,7,2025-04-21 06:36:00
317,TXN-500317,88,80,5,2024-11-10 20:00:00
318,TXN-500318,48,25,5,2024-04-05 14:24:00
319,TXN-500319,61,100,3,2024-05-25 13:00:00
320,TXN-500320,97,24,4,2025-02-14 00:08:00
321,TXN-500321,56,48,6,2025-08-13 13:09:00
322,TXN-500322,66,,3,2024-11-06 05:11:00
323,TXN-500323,64,40,5,2024-12-03 12:41:00
324,TXN-500324,38,22,4,2025-04-03 10:21:00
325,TXN-500325,62,,3,2024-11-14 11:20:00
326,TXN-500326,32,77,5,2024-04-18 05:05:00
327,TXN-500327,71,13,1,2024-11-07 11:09:00
328,TXN-500328,55,131,4,2024-02-02 20:05:00
329,TXN-500329,33,146,3,2024-03-09 19:14:00
330,TXN-500330,3,129,1,2024-07-04 14:00:00
331,TXN-500331,24,46,7,2025-06-23 05:27:00
332,TXN-500332,54,,6,2024-10-13 03:25:00
333,TXN-500333,97,117,6,2024-08-04 17:46:00
334,TXN-500334,44,68,7,2024-11-23 15:24:00
335,TXN-500335,11,48,6,2025-08-12 19:52:00
336,TXN-500336,56,28,5,2025-03-15 20:35:00
337,TXN-500337,15,,1,2024-01-14 01:05:00
338,TXN-500338,89,118,4,2024-05-05 01:17:00
339,TXN-500339,39,125,5,2025-04-23 22:26:00
340,TXN-500340,89,93,6,2025-08-15 02:31:00
341,TXN-500341,12,78,2,2025-05-17 15:45:00
342,TXN-500342,15,,7,2024-04-08 09:17:00
343,TXN-500343,4,49,2,2024-01-12 13:36:00
344,TXN-500344,56,62,7,2024-12-16 08:07:00
345,TXN-500345,25,138,1,2025-03-31 21:10:00
346,TXN-500346,61,38,4,2024-08-07 02:55:00
347,TXN-500347,95,40,6,2024-01-16 21:16:00
348,TXN-500348,3,121,7,2024-11-20 05:35:00
349,TXN-500349,38,52,5,2024-11-23 07:51:00
350,TXN-500350,43,14,1,2025-08-26 23:42:00
351,TXN-500351,54,111,7,2027-03-15 10:00:00
352,TXN-500352,38,142,1,2024-12-26 23:02:00
353,TXN-500353,76,132,6,2024-12-20 23:37:00
354,TXN-500354,30,125,6,2025-03-21 06:39:00
355,TXN-500355,74,109,3,2024-02-14 04:53:00
356,TXN-500356,83,,4,2025-02-06 20:50:00
357,TXN-500357,58,89,6,2024-12-10 16:10:00
358,TXN-500358,37,,6,2024-11-13 15:40:00
359,TXN-500359,30,113,5,2024-05-19 22:57:00
360,TXN-500360,78,87,7,2024-06-08 23:34:00
361,TXN-500361,17,120,3,2025-09-05 11:10:00
362,TXN-500362,87,107,6,2025-06-10 11:15:00
363,TXN-500363,21,121,5,2025-06-18 21:47:00
364,TXN-500364,86,23,4,2024-05-30 21:13:00
365,TXN-500365,78,41,4,2024-04-04 00:07:00
366,TXN-500366,39,127,2,2024-03-14 11:25:00
367,TXN-500367,46,5,3,2024-06-01 12:06:00
368,TXN-500368,65,45,1,2024-09-16 23:47:00
369,TXN-500369,56,,1,2025-08-10 12:07:00
370,TXN-500370,29,144,4,2025-03-25 16:41:00
371,TXN-500371,99,91,1,2024-07-06 17:46:00
372,TXN-500372,20,69,7,2025-07-14 18:23:00
373,TXN-500373,91,27,1,2025-05-17 12:59:00
374,TXN-500374,14,29,7,2024-11-14 19:34:00
375,TXN-500375,72,27,1,2025-03-20 14:31:00
376,TXN-500376,27,31,3,2025-01-04 09:48:00
377,TXN-500377,98,114,5,2024-04-24 08:20:00
378,TXN-500378,20,26,6,2024-12-28 22:00:00
379,TXN-500379,16,36,7,2024-09-21 20:45:00
380,TXN-500380,99,107,7,2024-05-27 00:17:00
381,TXN-500381,44,9999,3,2024-01-05 19:07:00
382,TXN-500382,48,69,6,2025-01-02 17:54:00
383,TXN-500383,20,63,7,2025-07-03 15:52:00
384,TXN-500384,18,59,7,2025-07-02 16:29:00
385,TXN-500385,59,105,7,2024-11-08 06:13:00
386,TXN-500386,4,93,4,2025-01-10 20:28:00
387,TXN-500387,9,133,1,2024-04-16 00:16:00
388,TXN-500388,56,43,1,2024-09-03 08:17:00
389,TXN-500389,74,39,1,2024-10-13 08:49:00
390,TXN-500390,38,134,4,2025-04-04 22:08:00
391,TXN-500391,39,142,6,2024-10-19 17:30:00
392,TXN-500392,2,89,7,2025-06-24 19:34:00
393,TXN-500393,90,38,4,2024-07-22 17:31:00
394,TXN-500394,80,140,7,2024-11-20 21:43:00
395,TXN-500395,84,89,4,2025-03-26 03:36:00
396,TXN-500396,11,78,1,2025-07-18 15:06:00
397,TXN-500397,67,33,5,2025-01-26 08:19:00
398,TXN-500398,71,131,3,2024-07-25 17:59:00
399,TXN-500399,3,41,1,2025-01-14 15:00:00
400,TXN-500400,31,67,7,2025-08-03 01:34:00
401,TXN-500401,9999,109,1,2025-07-17 17:23:00
402,TXN-500402,48,,3,2025-06-17 00:23:00
403,TXN-500403,7,32,7,2025-04-01 13:26:00
404,TXN-500404,39,115,5,2025-04-19 00:23:00
405,TXN-500405,44,,2,2025-06-20 13:32:00
406,TXN-500406,73,149,6,2025-08-09 11:10:00
407,TXN-500407,45,60,3,2025-04-02 02:37:00
408,TXN-500408,87,147,2,2024-07-26 04:37:00
409,TXN-500409,14,64,3,2025-06-04 04:11:00
410,TXN-500410,59,93,1,2025-01-11 01:38:00
411,TXN-500411,11,106,999,2024-04-16 17:12:00
412,TXN-500412,61,34,2,2024-02-15 06:54:00
413,TXN-500413,87,,5,2024-11-20 21:16:00
414,TXN-500414,100,133,4,2024-10-20 06:37:00
415,TXN-500415,57,109,6,2024-07-11 00:22:00
416,TXN-500416,21,107,2,2024-12-22 11:21:00
417,TXN-500417,17,118,6,2025-01-03 07:14:00
418,TXN-500418,89,31,2,2025-01-08 16:33:00
419,TXN-500419,72,41,3,2024-11-27 15:15:00
420,TXN-500420,15,105,1,2024-03-27 11:35:00
421,TXN-500421,67,11,2,2024-09-26 02:58:00
422,TXN-500422,39,96,3,2024-03-26 17:41:00
423,TXN-500423,19,,2,2024-12-19 20:09:00
424,TXN-500424,40,13,3,2025-07-24 17:46:00
425,TXN-500425,1,126,1,2024-06-05 23:33:00
426,TXN-500426,54,12,4,2025-02-02 16:54:00
427,TXN-500427,44,116,7,2025-02-21 06:56:00
428,TXN-500428,98,34,2,2024-10-01 17:53:00
429,TXN-500429,86,116,4,2025-01-02 13:23:00
430,TXN-500430,12,84,7,2024-04-18 11:39:00
431,TXN-500431,50,105,2,2025-03-30 22:39:00
432,TXN-500432,86,12,4,2024-10-14 22:03:00
433,TXN-500433,22,23,6,2025-06-19 21:00:00
434,TXN-500434,72,80,6,2024-01-19 01:28:00
435,TXN-500435,25,22,5,2024-03-31 03:14:00
436,TXN-500436,73,14,5,2025-01-29 13:14:00
437,TXN-500437,3,129,1,2024-05-17 21:55:00
438,TXN-500438,3,47,3,2025-04-24 07:49:00
439,TXN-500439,57,149,1,2025-07-26 21:34:00
440,TXN-500440,52,83,5,2025-08-10 13:58:00
441,TXN-500441,44,6,4,2024-02-02 18:08:00
442,TXN-500442,41,136,4,2024-05-11 10:36:00
443,TXN-500443,13,,5,2024-07-06 06:30:00
444,TXN-500444,33,47,7,2024-05-02 10:44:00
445,TXN-500445,87,105,2,2024-03-06 06:22:00
446,TXN-500446,24,84,1,2024-02-12 21:35:00
447,TXN-500447,50,,1,2025-06-03 09:49:00
448,TXN-500448,34,83,4,2024-08-21 01:07:00
449,TXN-500449,26,14,2,2025-08-25 17:49:00
450,TXN-500450,64,61,5,2025-07-01 16:29:00
451,TXN-500451,35,30,1,2025-07-01 20:58:00
452,TXN-500452,9,105,4,2024-08-19 19:19:00
453,TXN-500453,3,60,3,2024-01-22 01:10:00
454,TXN-500454,32,26,7,2025-02-07 11:10:00
455,TXN-500455,39,33,5,2025-02-07 22:12:00
456,TXN-500456,27,129,7,2024-10-23 04:24:00
457,TXN-500457,32,44,5,2024-04-13 16:02:00
458,TXN-500458,58,143,1,2024-11-04 13:36:00
459,TXN-500459,84,75,2,2024-01-01 17:29:00
460,TXN-500460,62,,3,2024-01-01 09:29:00
461,TXN-500461,45,98,7,2025-03-11 08:29:00
462,TXN-500462,37,131,1,2025-04-05 08:37:00
463,TXN-500463,9,145,3,2024-04-27 12:57:00
464,TXN-500464,18,32,6,2024-03-06 07:53:00
465,TXN-500465,27,111,5,2025-02-09 05:10:00
466,TXN-500466,88,82,3,2025-01-02 14:22:00
467,TXN-500467,35,116,2,2025-04-07 12:23:00
468,TXN-500468,27,88,4,2025-04-27 06:07:00
469,TXN-500469,83,35,1,2025-03-12 13:15:00
470,TXN-500470,87,3,2,2025-03-19 07:19:00
471,TXN-500471,98,126,4,10/27/2024 20:32
472,TXN-500472,84,,6,2025-01-26 20:31:00
473,TXN-500473,87,114,1,2024-02-26 10:48:00
474,TXN-500474,77,97,3,2024-09-14 01:01:00
475,TXN-500475,16,3,4,2024-10-08 14:57:00
476,TXN-500476,2,114,2,2024-09-26 18:37:00
477,TXN-500477,36,,6,2025-06-25 03:23:00
478,TXN-500478,79,24,6,2025-05-31 10:07:00
479,TXN-500479,30,57,4,2024-08-08 18:25:00
480,TXN-500480,64,,6,2024-09-21 07:52:00
481,TXN-500481,26,2,7,2025-05-29 19:09:00
482,TXN-500482,73,72,5,2025-04-09 21:28:00
483,TXN-500483,85,50,6,2024-12-25 17:28:00
484,TXN-500484,23,145,1,2025-02-15 22:26:00
485,TXN-500485,17,17,3,2025-03-04 06:55:00
486,TXN-500486,94,134,7,2025-02-18 23:46:00
487,TXN-500487,89,6,6,2024-07-18 18:13:00
488,TXN-500488,59,144,1,2025-01-23 01:49:00
489,TXN-500489,42,14,4,2024-11-07 00:21:00
490,TXN-500490,16,71,6,2025-09-06 19:56:00
491,TXN-500491,67,93,7,2025-01-12 09:51:00
492,TXN-500492,7,58,3,2024-02-01 15:36:00
493,TXN-500493,1,81,4,2024-11-01 21:07:00
494,TXN-500494,4,147,6,2024-05-21 17:01:00
495,TXN-500495,10,109,2,2024-06-13 07:08:00
496,TXN-500496,9,80,6,2024-05-23 08:40:00
497,TXN-500497,62,,4,2025-03-31 07:49:00
498,TXN-500498,81,,3,2025-08-11 09:51:00
499,TXN-500499,61,28,2,2025-09-04 00:56:00
500,TXN-500500,67,86,7,2024-09-05 03:56:00
