store_id,store_number,store_name,city,state,region_id,floor_plan_type,selling_square_footage,first_open_date
1,STR-0001,Georgetown Store #1,Riverside,CA,1,Compact,55741,2021-07-09
2,STR-0002,Springfield Store #2,Salem,FL,1,Supercenter,49439,2014-05-30
3,STR-0003,Madison Store #3,Georgetown,NY,4,Express,59565,2013-01-19
4,STR-0004,Fairview Store #4,Riverside,Texas,2,Express,23003,2020-10-20
5,STR-0005,Franklin Store #5,Franklin,CA,3,Express,24679,2009-09-13
6,STR-0006,Salem Store #6,Riverside,FL,5,Compact,35010,2023-11-27
7,STR-0007,Greenville Store #7,Fairview,CA,3,Compact,29363,2019-06-03
8,STR-0008,Franklin Store #8,Arlington,CA,3,Express,23087,2016-01-26
9,STR-0009,Salem Store #9,Georgetown,FL,999,Supercenter,55190,04/05/2005
10,STR-0010,Clinton Store #10,Salem,TX,4,Compact,39558,2016-05-21
11,STR-0011,Greenville Store #11,Riverside,TX,5,Supercenter,40153,2007-07-06
12,STR-0012,Georgetown Store #12,Greenville,CA,3,Compact,54581,2008-09-14
13,STR-0013,Springfield Store #13,Greenville,IL,1,Supercenter,-34725,2007-09-19
14,STR-0014,Fairview Store #14,Clinton,NY,4,Compact,24643,2005-09-15
15,STR-0015,Salem Store #15,Madison,CA,4,Compact,26352,2009-04-09
16,STR-0016,Clinton Store #16,Georgetown,NY,2,Express,36295,2022-12-16
17,STR-0017,Franklin Store #17,Madison,IL,5,Express,20967,2006-02-19
18,STR-0018,Madison Store #18,Fairview,IL,1,Compact,38694,2010-12-13
19,STR-0019,Franklin Store #19,Riverside,NY,1,Compact,51246,2006-02-15
20,STR-0020,Arlington Store #20,Arlington,CA,4,Express,57940,2017-10-11
21,STR-0021,Riverside Store #21,Arlington,TX,1,Supercenter,39660,2013-11-17
22,STR-0022,Franklin Store #22,Fairview,FL,5,Compact,36009,2012-10-30
23,STR-0023,Clinton Store #23,Fairview,Florida,1,Compact,27564,2008-01-06
24,STR-0024,Fairview Store #24,Salem,TX,4,Express,26048,2010-08-20
25,STR-0025,Clinton Store #25,Arlington,IL,1,Express,27331,2017-07-31
26,STR-0026,Salem Store #26,Arlington,TX,5,Supercenter,36353,2013-01-10
27,STR-0027,Greenville Store #27,Riverside,IL,5,Supercenter,46982,2021-07-09
28,STR-0028,Greenville Store #28,Fairview,CA,5,Express,34609,2011-11-06
29,STR-0029,Franklin Store #29,Springfield,FL,4,Express,27559,2012-06-05
30,STR-0030,Greenville Store #30,Georgetown,TX,4,Compact,45244,2016-06-21
31,STR-0031,Fairview Store #31,Georgetown,CA,9999,Compact,40572,2006-07-28
32,STR-0032,Fairview Store #32,Springfield,CA,2,Supercenter,31405,2019-12-01
33,STR-0033,Franklin Store #33,Clinton,FL,2,Supercenter,34005,2014-11-29
34,STR-0034,Arlington Store #34,Georgetown,TX,1,Compact,23028,04/22/2008
35,STR-0035,Greenville Store #35,Madison,IL,4,Supercenter,26985,2008-04-23
36,STR-0036,Georgetown Store #36,Franklin,CA,999,Express,49004,2017-07-15
37,STR-0037,Fairview Store #37,Salem,TX,5,Compact,37996,2019-01-22
38,STR-0038,Georgetown Store #38,Madison,CA,1,Supercenter,34021,2020-07-25
39,STR-0039,Georgetown Store #39,Clinton,FL,5,Supercenter,20386,2013-07-14
40,STR-0040,Georgetown Store #40,Franklin,TX,4,Supercenter,42028,2005-08-26
41,STR-0041,Franklin Store #41,Georgetown,FL,1,Express,28893,2019-06-02
42,STR-0042,Springfield Store #42,Riverside,IL,5,Supercenter,50822,2010-08-29
43,STR-0043,Arlington Store #43,Fairview,NY,1,Compact,51035,2010-05-09
44,STR-0044,Georgetown Store #44,Riverside,NY,4,Compact,21682,2007-06-05
45,STR-0045,Georgetown Store #45,Clinton,TX,1,Express,22691,2022-11-10
46,STR-0046,Fairview Store #46,Madison,IL,5,Compact,48540,2020-11-12
47,STR-0047,Arlington Store #47,Springfield,TX,5,Express,35981,2011-04-04
48,STR-0048,Clinton Store #48,Greenville,CA,1,Compact,59069,2012-08-20
49,STR-0049,Riverside Store #49,Georgetown,FL,2,Compact,49371,2019-06-28
50,STR-0050,Madison Store #50,Fairview,IL,1,Compact,56070,2012-09-17
51,STR-0011,Clinton Store #51,Riverside,NY,2,Supercenter,51732,2009-04-19
52,STR-0052,Fairview Store #52,Riverside,TX,4,Express,22982,2007-11-03
53,STR-0053,Georgetown Store #53,Arlington,IL,1,Supercenter,51308,2006-02-25
54,STR-0054,Greenville Store #54,Madison,NY,2,Compact,59735,2017-07-08
55,STR-0055,Fairview Store #55,Greenville,FL,4,Supercenter,33617,2018-09-04
56,STR-0056,Fairview Store #56,Greenville,IL,5,Compact,22139,2015-07-17
57,STR-0057,Franklin Store #57,Franklin,CA,4,Compact,29764,2017-03-20
58,STR-0058,Clinton Store #58,Riverside,IL,1,Express,46378,2020-06-12
59,STR-0059,Fairview Store #59,Franklin,FL,4,Compact,57696,2007-01-19
60,STR-0060,Georgetown Store #60,Riverside,CA,2,Express,25979,2019-03-29
61,STR-0061,Salem Store #61,Clinton,TX,4,Compact,-25771,2005-10-28
62,STR-0062,Greenville Store #62,Franklin,NY,999,Compact,48969,2013-02-11
63,STR-0063,Clinton Store #63,Greenville,NY,999,Supercenter,40365,2020-12-02
64,STR-0064,Madison Store #64,Clinton,IL,3,Supercenter,47229,2020-10-27
65,STR-0065,Fairview Store #65,Fairview,CA,4,Compact,42274,2022-05-01
66,STR-0066,Georgetown Store #66,Greenville,IL,4,Express,56170,2012-09-28
67,STR-0067,Franklin Store #67,Franklin,NY,4,Express,45302,2020-10-26
68,STR-0068,Franklin Store #68,Fairview,New York,4,Compact,46868,2005-05-06
69,STR-0069,Springfield Store #69,Fairview,NY,4,Supercenter,51978,2013-07-11
70,STR-0070,Springfield Store #70,Salem,NY,1,Supercenter,21897,2020-07-26
71,STR-0071,Arlington Store #71,Arlington,FL,1,Express,59943,2008-12-05
72,STR-0072,Franklin Store #72,Salem,IL,2,Compact,38850,2023-01-18
73,STR-0073,Georgetown Store #73,Arlington,TX,4,Express,51667,2009-06-20
74,STR-0074,Fairview Store #74,Salem,IL,4,Supercenter,59741,2017-09-11
75,STR-0075,Franklin Store #75,Salem,CA,1,Supercenter,22186,2011-12-06
76,STR-0076,Fairview Store #76,Madison,TX,1,Supercenter,36840,2011-02-11
77,STR-0077,Riverside Store #77,Fairview,IL,3,Compact,20912,2007-01-10
78,STR-0078,Greenville Store #78,Fairview,CA,9999,Supercenter,41496,2018-11-24
79,STR-0079,Madison Store #79,Georgetown,TX,4,Compact,55228,2007-03-08
80,STR-0080,Greenville Store #80,Greenville,NY,1,Compact,22144,2014-02-26
81,STR-0081,Riverside Store #81,Springfield,TX,5,Express,28005,2011-03-11
82,STR-0082,Greenville Store #82,Arlington,FL,2,Supercenter,33576,2023-08-12
83,STR-0083,Greenville Store #83,Springfield,TX,2,Supercenter,28637,2019-10-30
84,STR-0084,Clinton Store #84,Madison,IL,1,Compact,51211,2021-09-22
85,STR-0085,Georgetown Store #85,Madison,FL,5,Supercenter,23986,2019-06-07
86,STR-0086,Georgetown Store #86,Fairview,CA,4,Compact,55937,2011-03-03
87,STR-0087,Madison Store #87,Riverside,NY,3,Express,34974,2014-08-25
88,STR-0088,Riverside Store #88,Clinton,TX,4,Compact,25594,2006-07-04
89,STR-0089,Fairview Store #89,Arlington,NY,1,Supercenter,23371,2019-12-04
90,STR-0090,Arlington Store #90,Clinton,CA,4,Compact,44088,2023-12-18
91,STR-0091,Salem Store #91,Franklin,NY,4,Compact,37909,2005-08-26
92,STR-0092,Madison Store #92,Salem,CA,4,Express,34098,09/26/2021
93,STR-0093,Georgetown Store #93,Madison,NY,2,Supercenter,25346,2008-07-13
94,STR-0094,Springfield Store #94,Arlington,TX,1,Supercenter,54533,2011-05-10
95,STR-0095,Franklin Store #95,Clinton,CA,4,Compact,20506,2012-05-11
96,STR-0096,Arlington Store #96,Georgetown,NY,2,Supercenter,50130,2014-10-14
97,STR-0097,Greenville Store #97,Georgetown,TX,1,Express,25775,2015-04-28
98,STR-0098,Riverside Store #98,Greenville,TX,2,Compact,25005,2022-06-23
99,STR-0099,Riverside Store #99,Madison,CA,5,Compact,31370,2010-09-28
100,STR-0100,Madison Store #100,Fairview,FL,1,Express,29893,2019-01-26
